CITY,REGION,CITYCODE,SUMACCIDEN,DEAD,SEVER_INJ,SLIGH_INJ,SEVERITY_WEIGHTED,CITY_RISK_SCORE,REGION_RISK_SCORE
תל אביב - יפו,תל אביב,5000,21601,106,1193,23328,26032,100.0,65.34
ירושלים,ירושלים,3000,18461,89,1007,22624,24905,95.67,35.33
חיפה,חיפה,4000,11197,48,452,14311,15359,59.0,58.44
יהודה ושומרון,יהודה ושומרון,9999,8434,203,895,12713,15112,58.05,15.96
ראשון לציון,מרכז,8300,8563,49,395,10158,11095,42.62,99.75
באר שבע,דרום,9000,7341,38,284,9794,10476,40.24,63.41
פתח תקווה,מרכז,7900,7279,51,327,8396,9203,35.35,99.75
אשדוד,דרום,70,6846,33,264,8392,9019,34.65,63.41
אשקלון,דרום,7100,6048,18,200,7503,7957,30.57,63.41
נתניה,מרכז,7400,6019,26,245,7194,7762,29.82,99.75
חולון,תל אביב,6600,6193,28,288,6969,7629,29.31,65.34
רמת גן,תל אביב,8600,5095,19,274,5517,6122,23.52,65.34
חדרה,חיפה,6500,3995,23,176,5329,5750,22.09,58.44
סח'נין,צפון,7500,2436,5,24,4846,4909,18.86,100.0
שטח כללי,ירושלים,5526,2605,31,229,3760,4311,16.56,35.33
בני ברק,תל אביב,6100,3645,14,183,3899,4307,16.55,65.34
רמלה,מרכז,8500,3125,9,123,3924,4197,16.12,99.75
רחובות,מרכז,8400,3223,10,132,3881,4175,16.04,99.75
בת ים,תל אביב,6200,3358,18,154,3717,4079,15.67,65.34
נצרת,צפון,7300,2586,14,70,3762,3944,15.15,100.0
עכו,צפון,7600,2502,10,51,3712,3844,14.77,100.0
עפולה,צפון,7700,2538,11,54,3416,3557,13.66,100.0
לוד,מרכז,7000,2558,13,101,3109,3350,12.87,99.75
שטח כללי,צפון,5556,1356,23,70,2706,2915,11.2,100.0
שפרעם,צפון,8800,1731,6,55,2754,2882,11.07,100.0
כרמיאל,צפון,1139,1811,4,51,2741,2855,10.97,100.0
קרית אתא,חיפה,6800,1883,7,72,2638,2803,10.77,58.44
כפר סבא,מרכז,6900,2144,7,101,2577,2800,10.76,99.75
הרצליה,תל אביב,6400,2222,9,99,2485,2710,10.41,65.34
נוף הגליל,צפון,1061,1850,6,50,2459,2577,9.9,100.0
שטח כללי,דרום,5541,1462,28,107,2242,2540,9.76,63.41
מודיעין - מכבים - רעות,מרכז,1200,1902,6,92,2301,2503,9.62,99.75
רמת השרון,תל אביב,2650,1831,11,114,2194,2455,9.43,65.34
טבריה,צפון,6700,1699,6,83,2237,2421,9.3,100.0
שטח כללי,מרכז,5525,1564,19,81,2141,2360,9.07,99.75
טייבה,מרכז,2730,1451,16,65,2044,2222,8.54,99.75
עראבה,צפון,531,1078,4,24,2144,2204,8.47,100.0
טמרה,צפון,8900,1183,5,36,2043,2130,8.18,100.0
ג'דיידה - מכר,צפון,1292,1040,3,20,2024,2073,7.96,100.0
נהריה,צפון,9100,1518,5,41,1932,2029,7.79,100.0
אילת,דרום,2600,1519,7,58,1836,1973,7.58,63.41
ראש העין,מרכז,2640,1476,7,52,1797,1922,7.38,99.75
רעננה,מרכז,8700,1477,14,71,1705,1889,7.26,99.75
קרית מוצקין,חיפה,8200,1318,12,64,1690,1854,7.12,58.44
יבנה,מרכז,2660,1341,6,73,1559,1723,6.62,99.75
קרית גת,דרום,2630,1390,3,36,1635,1716,6.59,63.41
שטח כללי,מרכז,5516,1043,13,53,1544,1689,6.49,99.75
פרדס חנה - כרכור,חיפה,7800,1194,6,41,1583,1683,6.47,58.44
אום אל פחם,חיפה,2710,976,7,44,1535,1644,6.32,58.44
בית שמש,ירושלים,2610,1225,7,99,1421,1640,6.3,35.33
מגאר,צפון,481,891,2,20,1577,1623,6.23,100.0
באקה אל גרבייה (באקה אל ררבי,חיפה,6000,1026,4,44,1503,1603,6.16,58.44
נס ציונה,מרכז,7200,1104,8,46,1371,1487,5.71,99.75
מג'ד אל כרום,צפון,516,725,1,30,1355,1418,5.45,100.0
אור יהודה,תל אביב,2400,1118,4,61,1251,1385,5.32,65.34
הוד השרון,מרכז,9700,1037,8,54,1222,1354,5.2,99.75
ירכא,צפון,502,778,2,23,1259,1311,5.04,100.0
ללא שיפוט - אזור הסייג,דרום,9971,639,28,86,1050,1306,5.02,63.41
דיר חנא,צפון,492,601,1,10,1282,1305,5.01,100.0
ברקאי,חיפה,617,633,7,35,1172,1263,4.85,58.44
נתיבות,דרום,246,971,6,28,1176,1250,4.8,63.41
שטח כללי,דרום,5548,787,16,57,1072,1234,4.74,63.41
קרית ביאליק,חיפה,9500,886,4,26,1167,1231,4.73,58.44
גבעתיים,תל אביב,6300,1076,2,43,1128,1220,4.69,65.34
קרית ים,חיפה,9600,786,6,45,1039,1147,4.41,58.44
ללא שיפוט - אזור מקווה ישראל - פארק שרון,תל אביב,9970,835,7,54,1012,1141,4.38,65.34
נשר,חיפה,2500,782,3,31,1054,1125,4.32,58.44
צפת,צפון,8000,783,5,38,1005,1096,4.21,100.0
רהט,דרום,1161,759,17,67,899,1084,4.16,63.41
כפר קאסם,מרכז,634,778,6,29,994,1070,4.11,99.75
מעברות,מרכז,197,847,0,3,1024,1030,3.96,99.75
שטח כללי,חיפה,5512,536,10,31,937,1029,3.95,58.44
קלנסווה,מרכז,638,713,5,33,943,1024,3.93,99.75
שטח כללי,Unknown,5519,655,11,57,848,995,3.82,0.0
כפר יאסיף,צפון,507,573,1,12,957,984,3.78,100.0
כפר קרע,חיפה,654,598,5,29,903,976,3.75,58.44
קרית אונו,תל אביב,2620,820,2,34,892,966,3.71,65.34
נחף,צפון,522,489,5,27,878,947,3.64,100.0
כפר כנא,צפון,509,628,1,17,911,948,3.64,100.0
טירת כרמל,חיפה,2100,685,2,26,872,930,3.57,58.44
באר יעקב,מרכז,2530,727,3,22,866,919,3.53,99.75
שדרות,דרום,1031,681,2,31,830,898,3.45,63.41
מבשרת ציון,ירושלים,1015,618,3,25,825,884,3.4,35.33
ללא שיפוט - אזור יער מנשה,חיפה,9944,417,6,27,808,880,3.38,58.44
טירה,מרכז,2720,625,4,29,811,881,3.38,99.75
שטח כללי,מרכז,5520,550,9,28,789,872,3.35,99.75
גן יבנה,מרכז,166,632,1,26,799,854,3.28,99.75
שטח כללי,צפון,5509,511,4,33,771,849,3.26,100.0
דימונה,דרום,2200,623,6,31,762,842,3.23,63.41
גבעת השלושה,מרכז,870,572,2,33,767,839,3.22,99.75
מגדל העמק,צפון,874,561,6,24,750,816,3.13,100.0
גדרה,מרכז,2550,600,3,32,738,811,3.12,99.75
ראמה,צפון,543,409,4,9,750,780,3.0,100.0
ג'ת,חיפה,628,440,7,15,728,779,2.99,58.44
שטח כללי (סדום),דרום,5551,396,18,55,612,776,2.98,63.41
אעבלין,צפון,529,408,3,15,735,774,2.97,100.0
ריינה,צפון,542,483,2,15,710,746,2.87,100.0
יהוד-מונוסון,מרכז,9400,597,6,37,652,744,2.86,99.75
מעלות - תרשיחא,צפון,1063,469,3,21,684,735,2.82,100.0
שטח כללי,צפון,5513,336,5,30,616,691,2.65,100.0
כפר מנדא,צפון,510,385,1,17,647,684,2.63,100.0
יגור,חיפה,96,371,4,28,609,677,2.6,58.44
בנימינה - גבעת עדה,חיפה,9800,430,4,21,607,661,2.54,58.44
שטח כללי,דרום,5533,377,9,26,581,660,2.54,63.41
יקנעם עילית,צפון,240,456,3,20,605,654,2.51,100.0
ערד,דרום,2560,393,6,48,533,647,2.49,63.41
אופקים,דרום,31,487,1,19,607,648,2.49,63.41
קרית עקרון,מרכז,469,439,6,23,581,645,2.48,99.75
גבעת שמואל,מרכז,681,515,4,25,581,643,2.47,99.75
מענית,חיפה,344,333,6,21,543,603,2.32,58.44
שטח כללי,צפון,5503,312,2,19,554,598,2.3,100.0
כאבול,צפון,504,319,2,6,576,594,2.28,100.0
קרית מלאכי,דרום,1034,492,1,11,566,591,2.27,63.41
זכרון יעקב,חיפה,9300,389,5,11,549,586,2.25,58.44
הסוללים,צפון,677,316,8,23,517,587,2.25,100.0
חריש,חיפה,1247,432,0,19,545,583,2.24,58.44
קרית שמונה,צפון,2800,377,3,19,532,579,2.22,100.0
עומר,דרום,666,337,4,12,541,577,2.22,63.41
דיר אל אסד,צפון,490,315,1,9,553,574,2.2,100.0
אבו סנאן,צפון,473,302,4,10,538,570,2.19,100.0
ציפורי,צפון,613,327,3,17,514,557,2.14,100.0
שטח כללי,דרום,5535,322,12,28,466,558,2.14,63.41
שדה עוזיהו,דרום,739,405,1,11,533,558,2.14,63.41
אור עקיבא,חיפה,1020,417,3,15,515,554,2.13,58.44
ללא שיפוט - אזור הר הכרמל,חיפה,9936,301,5,25,486,551,2.12,58.44
שטח כללי,דרום,5536,293,8,26,466,542,2.08,63.41
אלעד,מרכז,1309,409,0,18,493,529,2.03,99.75
עוספייא,חיפה,534,323,2,28,459,521,2.0,58.44
שטח כללי,צפון,5504,234,6,11,478,518,1.99,100.0
ראש פינה,צפון,26,302,0,13,489,515,1.98,100.0
שעב,צפון,538,246,1,5,485,498,1.91,100.0
נחשונים,מרכז,705,343,1,17,459,496,1.91,99.75
אחיהוד,צפון,785,269,1,11,465,490,1.88,100.0
אייל,מרכז,716,297,6,18,434,488,1.87,99.75
יפיע,צפון,499,304,2,8,460,482,1.85,100.0
שטח כללי,מרכז,5540,313,6,27,410,482,1.85,99.75
כפר יונה,מרכז,168,331,6,19,421,477,1.83,99.75
ללא שיפוט - אזור נתבג,מרכז,9964,383,1,13,446,475,1.82,99.75
שטח כללי,דרום,5550,271,8,11,420,466,1.79,63.41
עילבון,צפון,530,258,0,5,452,462,1.77,100.0
בית גמליאל,מרכז,571,309,4,17,412,458,1.76,99.75
דאלית אל כרמל,חיפה,494,326,1,15,426,459,1.76,58.44
בן שמן (כפר נוער),מרכז,1084,281,0,8,433,449,1.72,99.75
אזור,תל אביב,565,330,7,23,377,444,1.71,65.34
כברי,צפון,576,245,3,12,405,438,1.68,100.0
שטח כללי,דרום,5553,217,5,14,394,437,1.68,63.41
יסעור,צפון,575,211,0,7,423,437,1.68,100.0
ללא שיפוט - אזור מאגרי מנשה,חיפה,9945,274,2,14,398,432,1.66,58.44
שטח כללי,מרכז,5530,226,8,18,366,426,1.64,99.75
קדימה - צורן,מרכז,195,334,0,8,397,413,1.59,99.75
שטח כללי,דרום,5539,238,2,18,373,415,1.59,63.41
בית שאן,צפון,9200,302,1,15,378,411,1.58,100.0
שטח כללי,דרום,5534,239,1,14,375,406,1.56,63.41
ערערה,חיפה,637,279,1,24,351,402,1.54,58.44
כסרא - סמיע,צפון,1296,197,5,8,368,399,1.53,100.0
פוריידיס,חיפה,537,234,1,10,369,392,1.51,58.44
אליקים,צפון,682,221,2,9,365,389,1.49,100.0
בית ג'ן,צפון,480,223,0,12,361,385,1.48,100.0
בענה,צפון,483,205,2,9,358,382,1.47,100.0
ישרש,מרכז,828,231,2,10,349,375,1.44,99.75
כפר מסריק,צפון,297,233,2,7,349,369,1.42,100.0
אלונים,צפון,285,183,1,18,325,364,1.4,100.0
שטח כללי,דרום,5542,190,4,24,298,358,1.38,63.41
לכיש,דרום,24,198,3,18,312,357,1.37,63.41
מגידו,צפון,586,221,0,4,348,356,1.37,100.0
כפר תבור,צפון,47,190,2,12,323,353,1.36,100.0
שטח כללי,צפון,5507,169,10,15,291,351,1.35,100.0
תל עדשים,צפון,103,196,1,10,326,349,1.34,100.0
כפר חסידים א',חיפה,112,180,2,20,298,344,1.32,58.44
חצור הגלילית,צפון,2034,216,2,11,308,336,1.29,100.0
ניר עם,דרום,348,210,2,10,310,336,1.29,63.41
רמת ישי,צפון,122,244,0,7,321,335,1.29,100.0
עתלית,חיפה,53,192,6,7,301,333,1.28,58.44
ניצנים,דרום,359,230,1,9,309,330,1.27,63.41
יד רמבם,מרכז,64,251,0,10,311,331,1.27,99.75
סלמה,צפון,1245,176,1,6,315,330,1.27,100.0
אבן יהודה,מרכז,182,246,2,9,303,327,1.26,99.75
זרזיר,צפון,975,209,1,5,313,326,1.25,100.0
אכסאל,צפון,478,227,0,9,306,324,1.24,100.0
שטח כללי,מרכז,5518,179,3,21,273,324,1.24,99.75
עינת,מרכז,871,183,1,19,277,318,1.22,99.75
בני דרום,מרכז,592,207,3,10,285,314,1.21,99.75
מג'דל שמס,צפון,4201,178,1,7,290,307,1.18,100.0
קרית טבעון,חיפה,2300,227,2,7,286,306,1.18,58.44
מעלה עירון,חיפה,1327,165,1,12,277,304,1.17,58.44
כפר בילו,מרכז,177,213,1,12,276,303,1.16,99.75
ארבל,צפון,701,183,1,4,292,303,1.16,100.0
יקנעם (מושבה),צפון,241,189,0,3,297,303,1.16,100.0
שטח כללי,חיפה,5514,133,3,16,250,291,1.12,58.44
תל מונד,מרכז,154,222,0,9,271,289,1.11,99.75
פקיעין (בוקייעה),צפון,536,167,1,5,277,290,1.11,100.0
טורעאן,צפון,498,174,3,12,250,283,1.09,100.0
שטח כללי,מרכז,5531,168,4,23,224,282,1.08,99.75
משהד,צפון,520,176,0,3,276,282,1.08,100.0
בית חנניה,חיפה,800,121,1,16,244,279,1.07,58.44
שהם,מרכז,1304,242,0,7,264,278,1.07,99.75
עמקה,צפון,708,116,1,7,257,274,1.05,100.0
זמר,מרכז,1290,166,4,8,246,274,1.05,99.75
כפר שמריהו,תל אביב,267,181,2,15,237,273,1.05,65.34
רמות מנשה,צפון,445,149,2,1,264,272,1.04,100.0
שטח כללי,צפון,5506,135,3,12,238,271,1.04,100.0
ללא שיפוט - אזור הר מירון,צפון,9903,110,6,7,236,268,1.03,100.0
בסמה,חיפה,1326,171,0,9,247,265,1.02,58.44
רגבה,צפון,390,157,1,3,254,263,1.01,100.0
ללא שיפוט - אזור צומת חנניה,צפון,9914,111,2,3,250,262,1.01,100.0
אילניה,צפון,49,123,3,7,239,262,1.01,100.0
יאנוח - ג'ת,צפון,1295,160,0,8,246,262,1.01,100.0
משמר השבעה,מרכז,729,196,3,12,221,254,0.98,99.75
נהלל,צפון,80,142,1,13,225,254,0.98,100.0
שטח כללי,צפון,5502,131,1,13,219,248,0.95,100.0
שדה יעקב,צפון,142,127,5,12,200,239,0.92,100.0
דבוריה,צפון,489,153,3,5,220,239,0.92,100.0
עין המפרץ,צפון,289,137,2,1,224,232,0.89,100.0
יד מרדכי,דרום,358,104,1,6,213,228,0.88,63.41
גן שמואל,חיפה,72,151,0,6,214,226,0.87,58.44
ירחיב,מרכז,718,120,1,5,211,224,0.86,99.75
שטח כללי,דרום,5554,87,10,15,163,223,0.86,63.41
נתיב השיירה,צפון,792,99,1,4,209,220,0.85,100.0
בוסתן הגליל,צפון,559,123,0,3,211,217,0.83,100.0
רגבים,חיפה,444,106,3,6,194,215,0.83,58.44
שטח כללי,דרום,5538,107,5,23,152,213,0.82,63.41
ערערה בנגב,דרום,1192,125,2,20,167,213,0.82,63.41
מגדל,צפון,65,120,0,11,191,213,0.82,100.0
ג'וליס,צפון,485,137,1,4,200,211,0.81,100.0
מזכרת בתיה,מרכז,28,147,3,11,177,208,0.8,99.75
ירוחם,דרום,831,121,4,18,159,207,0.8,63.41
גני תקווה,מרכז,229,179,1,10,185,208,0.8,99.75
מיתר,דרום,1268,134,1,9,184,205,0.79,63.41
שדה יואב,דרום,293,111,0,11,184,206,0.79,63.41
חורפיש,צפון,496,139,0,3,199,205,0.79,100.0
גבעת נילי,חיפה,360,108,0,7,188,202,0.78,58.44
חגור,מרכז,717,130,0,4,195,203,0.78,99.75
שטח כללי,צפון,5501,106,2,6,182,200,0.77,100.0
עין דור,צפון,436,98,1,9,180,201,0.77,100.0
פרוד,צפון,599,92,2,14,167,201,0.77,100.0
חורה,דרום,1303,124,8,17,140,198,0.76,63.41
מעלה גמלא,צפון,4008,95,4,8,170,198,0.76,100.0
ניר צבי,מרכז,331,134,1,9,174,195,0.75,99.75
כפר הנגיד,מרכז,582,141,0,2,191,195,0.75,99.75
שטח כללי,חיפה,5515,103,2,9,169,193,0.74,58.44
כפר שמואל,מרכז,743,125,1,12,166,193,0.74,99.75
שבי ציון,צפון,282,106,1,0,187,190,0.73,100.0
ללא שיפוט - אזור מדרום לג'דיידה-מכר,צפון,9917,97,0,2,185,189,0.73,100.0
מבקיעים,דרום,573,102,0,7,174,188,0.72,63.41
ערוגות,דרום,593,133,0,3,180,186,0.71,63.41
ג'לג'וליה,מרכז,627,124,0,3,180,186,0.71,99.75
אפק,צפון,313,101,1,3,176,185,0.71,100.0
יבנאל,צפון,46,124,2,8,162,184,0.71,100.0
בית חנן,מרכז,159,102,3,9,157,184,0.71,99.75
כפר דניאל,מרכז,707,77,2,12,153,183,0.7,99.75
שדה משה,דרום,18,99,1,7,164,181,0.7,63.41
יגל,מרכז,798,118,0,9,163,181,0.7,99.75
חדיד,מרכז,618,112,0,14,155,183,0.7,99.75
נען,מרכז,158,115,1,7,165,182,0.7,99.75
כפר ביאליק,חיפה,220,118,4,2,166,182,0.7,58.44
אבו גוש,ירושלים,472,135,0,6,162,174,0.67,35.33
עמיעד,צפון,385,99,2,2,163,173,0.66,100.0
ג'סר אל-זרקא,חיפה,541,128,1,12,146,173,0.66,58.44
שטח כללי,צפון,5571,90,0,10,148,168,0.65,100.0
לפידות,צפון,1173,103,1,4,159,170,0.65,100.0
סביון,מרכז,587,140,2,6,150,168,0.65,99.75
בועיינה - נוג'ידאת,צפון,482,115,1,3,156,165,0.63,100.0
עין שמר,חיפה,139,97,2,4,147,161,0.62,58.44
מצפה רמון,דרום,99,82,3,11,131,162,0.62,63.41
גאליה,מרכז,853,110,2,5,145,161,0.62,99.75
גינתון,מרכז,863,91,0,7,145,159,0.61,99.75
מעין צבי,חיפה,290,93,1,4,147,158,0.61,58.44
שזור,צפון,527,78,0,4,152,160,0.61,100.0
מעש,מרכז,230,118,0,3,150,156,0.6,99.75
בית השיטה,צפון,242,107,1,2,149,156,0.6,100.0
מזרעה,צפון,517,107,0,0,156,156,0.6,100.0
גמזו,מרכז,745,84,2,7,135,155,0.6,99.75
מעיליא,צפון,518,105,0,4,149,157,0.6,100.0
קיסריה,חיפה,1167,119,1,5,144,157,0.6,58.44
אביטל,צפון,2052,84,0,8,138,154,0.59,100.0
ניר אליהו,מרכז,808,82,4,15,111,153,0.59,99.75
תל שבע,דרום,1054,109,4,14,110,150,0.58,63.41
בת שלמה,חיפה,33,83,0,4,140,148,0.57,58.44
מסעדה,צפון,4203,84,1,4,137,148,0.57,100.0
ביר אל מכסור,צפון,998,94,1,11,120,145,0.56,100.0
קבוצת יבנה,מרכז,334,88,2,7,127,147,0.56,99.75
מירון,צפון,607,100,1,4,136,147,0.56,100.0
שטח כללי,דרום,5537,66,4,11,110,144,0.55,63.41
בית דגן,מרכז,466,111,0,6,131,143,0.55,99.75
בית עזרא,דרום,756,108,0,5,133,143,0.55,63.41
כפר חבד,מרכז,696,108,0,5,134,144,0.55,99.75
עילוט,צפון,511,102,0,4,136,144,0.55,100.0
נצני עוז,מרכז,851,98,0,2,140,144,0.55,99.75
נווה ימין,מרכז,686,88,2,0,134,140,0.54,99.75
רכסים,חיפה,922,87,4,6,117,141,0.54,58.44
גבעת עז,צפון,703,90,4,1,124,138,0.53,100.0
שלומי,צפון,812,79,3,3,123,138,0.53,100.0
שגב שלום,דרום,1286,95,2,15,100,136,0.52,63.41
כפר גלעדי,צפון,76,57,1,10,110,133,0.51,100.0
מאור,חיפה,2055,64,0,6,118,130,0.5,58.44
כאוכב אבו אל היג'א,צפון,505,70,0,1,127,129,0.5,100.0
כוכב יאיר,מרכז,1224,92,0,4,120,128,0.49,99.75
פלמחים,מרכז,597,79,1,10,103,126,0.48,99.75
ניר עציון,חיפה,769,74,2,4,112,126,0.48,58.44
נתיב העשרה,דרום,1242,93,1,1,119,124,0.48,63.41
שריד,צפון,126,89,1,2,117,124,0.48,100.0
משמר דוד,מרכז,563,69,1,5,111,124,0.48,99.75
גן שלמה,מרכז,144,76,2,8,101,123,0.47,99.75
מעגן,צפון,678,46,1,9,98,119,0.46,100.0
נין,צפון,523,68,1,4,109,120,0.46,100.0
מעגן מיכאל,חיפה,694,53,2,5,104,120,0.46,58.44
כפר טרומן,מרכז,673,84,1,5,108,121,0.46,99.75
בית אלעזרי,מרכז,562,83,3,6,99,120,0.46,99.75
ברקת,מרכז,2038,73,1,8,97,116,0.45,99.75
מעונה,צפון,570,65,0,4,108,116,0.45,100.0
עין מאהל,צפון,532,87,1,4,107,118,0.45,100.0
כפר חנניה,צפון,1297,63,1,1,113,118,0.45,100.0
ידידיה,מרכז,233,72,0,4,107,115,0.44,99.75
אליפלט,צפון,730,64,0,5,104,114,0.44,100.0
מגשימים,מרכז,722,76,1,3,106,115,0.44,99.75
אחיסמך,מרכז,804,73,1,2,107,114,0.44,99.75
ברכיה,דרום,746,57,0,11,90,112,0.43,63.41
מצליח,מרכז,757,65,3,7,90,113,0.43,99.75
מרום גולן,צפון,4101,47,2,4,99,113,0.43,100.0
יחיעם,צפון,409,71,1,2,106,113,0.43,100.0
חד נס,צפון,4026,58,0,5,102,112,0.43,100.0
בית הגדי,דרום,723,72,1,1,105,110,0.42,63.41
בן זכאי,מרכז,760,66,2,6,92,110,0.42,99.75
כעביה - טבאש - חג'אג'רה,צפון,978,56,0,7,95,109,0.42,100.0
גוש חלב (ג'יש),צפון,487,69,0,4,102,110,0.42,100.0
גן שורק,מרכז,311,81,1,6,95,110,0.42,99.75
משמר השרון,מרכז,194,76,0,2,106,110,0.42,99.75
בוקעאתא,צפון,4001,69,0,2,105,109,0.42,100.0
קצרין,צפון,4100,82,0,6,98,110,0.42,100.0
בארי,דרום,399,82,0,5,100,110,0.42,63.41
סאג'ור,צפון,525,57,3,2,94,107,0.41,100.0
הודיה,דרום,726,54,1,8,89,108,0.41,63.41
אורים,דרום,403,40,4,8,79,107,0.41,63.41
תדהר,דרום,2061,51,1,6,91,106,0.41,63.41
סתריה,מרכז,610,69,0,4,99,107,0.41,99.75
עין גב,צפון,273,63,1,7,89,106,0.41,100.0
מגדל תפן,צפון,1722,60,0,1,106,108,0.41,100.0
מצר,חיפה,648,57,1,5,95,108,0.41,58.44
בחן,מרכז,2043,46,2,8,81,103,0.4,99.75
חורשים,מרכז,355,66,0,6,92,104,0.4,99.75
לקיה,דרום,1060,75,1,8,85,104,0.4,63.41
צוריאל,צפון,774,50,1,2,98,105,0.4,100.0
כפר מנחם,דרום,274,45,4,8,77,105,0.4,63.41
דגניה ב',צפון,79,58,0,2,100,104,0.4,100.0
כסייפה,דרום,1059,75,1,9,84,105,0.4,63.41
לוחמי הגיטאות,צפון,595,65,0,0,103,103,0.4,100.0
גיניגר,צפון,92,49,1,3,93,102,0.39,100.0
ארז,דרום,714,47,1,3,92,101,0.39,63.41
גבעת ברנר,מרכז,147,79,0,4,94,102,0.39,99.75
יודפת,צפון,1112,48,0,0,101,101,0.39,100.0
גת רימון,מרכז,128,68,2,4,85,99,0.38,99.75
כפר ויתקין,מרכז,190,72,0,1,97,99,0.38,99.75
לביא,צפון,585,60,1,3,90,99,0.38,100.0
בני עיש,מרכז,1066,69,1,4,87,98,0.38,99.75
בית גוברין,דרום,619,67,2,8,78,100,0.38,63.41
כפר ורדים,צפון,1263,73,1,5,85,98,0.38,100.0
תימורים,דרום,163,67,1,1,94,99,0.38,63.41
נרדיה,מרכז,447,66,1,1,95,100,0.38,99.75
זבדיאל,דרום,815,53,0,4,88,96,0.37,63.41
פסוטה,צפון,535,57,0,4,89,97,0.37,100.0
שער אפרים,מרכז,661,62,0,3,90,96,0.37,99.75
חוסן,צפון,662,49,0,1,94,96,0.37,100.0
צופית,מרכז,198,58,1,4,83,94,0.36,99.75
באר טוביה,דרום,155,64,4,2,77,93,0.36,63.41
בית אורן,חיפה,317,69,1,6,80,95,0.36,58.44
ברוש,דרום,2060,37,1,5,78,91,0.35,63.41
איבטין,חיפה,652,56,0,1,89,91,0.35,58.44
מדרך עז,צפון,2029,69,0,0,92,92,0.35,100.0
חוסניה,צפון,1332,44,0,1,88,90,0.35,100.0
נאעורה,צפון,524,56,0,1,90,92,0.35,100.0
פרדסיה,מרכז,171,70,0,2,88,92,0.35,99.75
קדמת צבי,צפון,4025,46,2,11,63,91,0.35,100.0
מי עמי,חיפה,1128,48,0,0,89,89,0.34,58.44
כליל,צפון,1183,48,2,7,68,88,0.34,100.0
קציר,חיפה,1243,51,1,2,81,88,0.34,58.44
כנרת מושבה,צפון,63,37,1,6,74,89,0.34,100.0
רבדים,דרום,564,53,1,6,71,86,0.33,63.41
קלע,צפון,4024,46,1,4,75,86,0.33,100.0
אניעם,צפון,4012,38,1,6,71,86,0.33,100.0
מבוא מודיעים,מרכז,1141,68,0,4,76,84,0.32,99.75
עיינות,מרכז,156,59,0,6,72,84,0.32,99.75
נבטים,דרום,396,45,2,5,66,82,0.31,63.41
משאבי שדה,דרום,421,42,1,4,70,81,0.31,63.41
זיתן,מרכז,788,64,0,2,78,82,0.31,99.75
יובלים,צפון,1226,41,0,0,81,81,0.31,100.0
כפר שמאי,צפון,605,45,0,6,70,82,0.31,100.0
שטח כללי,צפון,5555,41,0,2,76,80,0.31,100.0
שמיר,צפון,366,33,0,6,67,79,0.3,100.0
פתחיה,מרכז,839,52,2,3,66,78,0.3,99.75
ללא שיפוט - אזור מושיריפה,חיפה,9942,42,2,0,72,78,0.3,58.44
בית נחמיה,מרכז,784,54,1,5,65,78,0.3,99.75
אלקוש,צפון,603,44,1,0,75,78,0.3,100.0
בן שמן,מרכז,2013,54,1,4,66,77,0.3,99.75
ינון,דרום,2011,50,0,4,70,78,0.3,63.41
ניר יפה,צפון,165,32,3,6,57,78,0.3,100.0
אחיעזר,מרכז,797,49,1,3,68,77,0.3,99.75
אל רום,צפון,4003,36,2,9,55,79,0.3,100.0
נצר סירני,מרכז,435,52,0,7,61,75,0.29,99.75
כפר ברא,מרכז,633,51,0,6,64,76,0.29,99.75
שדה בוקר,דרום,885,31,0,5,65,75,0.29,63.41
עין העמק,צפון,367,44,0,2,71,75,0.29,100.0
אום בטין,דרום,1358,41,2,3,63,75,0.29,63.41
גני יוחנן,מרכז,862,58,0,0,75,75,0.29,99.75
משמר העמק,צפון,130,39,0,0,73,73,0.28,100.0
שבלי - אום אל רנם,צפון,913,50,1,3,64,73,0.28,100.0
נועם,דרום,15,41,5,1,56,73,0.28,63.41
יערה,צפון,795,30,1,9,52,73,0.28,100.0
בית-קמה,דרום,598,41,1,5,60,73,0.28,63.41
הזורע,צפון,250,41,0,4,66,74,0.28,100.0
כפר סירקין,מרכז,249,43,1,5,60,73,0.28,99.75
בית העמק,צפון,572,36,1,3,65,74,0.28,100.0
טובא - זנגרייה,צפון,962,51,1,4,63,74,0.28,100.0
נחשולים,חיפה,433,36,3,6,53,74,0.28,58.44
שטח כללי,צפון,5508,39,1,3,64,73,0.28,100.0
מצפה נטופה,צפון,1190,28,0,3,65,71,0.27,100.0
כלנית,צפון,1229,29,0,4,63,71,0.27,100.0
מגל,חיפה,375,46,1,4,59,70,0.27,58.44
גבעת יואב,צפון,4021,38,2,8,47,69,0.27,100.0
טפחות,צפון,1214,34,3,4,54,71,0.27,100.0
עין זיון,צפון,4503,26,1,4,60,71,0.27,100.0
מזרע,צפון,104,39,1,1,66,71,0.27,100.0
מסד,צפון,1258,34,0,7,57,71,0.27,100.0
טירת יהודה,מרכז,663,54,0,1,69,71,0.27,99.75
משואות יצחק,דרום,620,42,1,5,54,67,0.26,63.41
להבות חביבה,חיפה,715,43,0,5,57,67,0.26,58.44
אושה,חיפה,278,36,0,8,51,67,0.26,58.44
נוה ירק,מרכז,858,36,1,4,57,68,0.26,99.75
עין חרוד מאוחד,צפון,82,36,0,1,66,68,0.26,100.0
ברור חיל,דרום,428,41,1,3,58,67,0.26,63.41
נחלים,מרכז,449,46,3,4,50,67,0.26,99.75
רמת הכובש,מרכז,184,49,1,2,61,68,0.26,99.75
שעלבים,מרכז,856,45,0,1,65,67,0.26,99.75
ללא שיפוט - אזור כפר כנא,צפון,9928,33,0,2,62,66,0.25,100.0
גלאון,דרום,393,30,1,8,46,65,0.25,63.41
סאסא,צפון,578,40,1,2,57,64,0.25,100.0
עדנים,מרכז,2035,38,2,2,54,64,0.25,99.75
בלפוריה,צפון,94,48,0,1,61,63,0.24,100.0
מצפה,צפון,58,38,2,3,50,62,0.24,100.0
גלעד(אבן יצחק),צפון,369,37,0,4,55,63,0.24,100.0
כפר גליקסון,חיפה,310,32,0,0,62,62,0.24,58.44
יזרעאל,צפון,452,31,2,3,51,63,0.24,100.0
צרופה,חיפה,612,34,0,0,63,63,0.24,58.44
קדרים,צפון,1211,34,2,3,51,63,0.24,100.0
בית שערים,צפון,248,36,0,3,56,62,0.24,100.0
לימן,צפון,674,30,0,6,47,59,0.23,100.0
גן הדרום,מרכז,1072,30,0,1,58,60,0.23,99.75
ללא שיפוט - אזור רביד,צפון,9922,34,2,5,43,59,0.23,100.0
רמות השבים,מרכז,206,42,2,2,49,59,0.23,99.75
בני-דרור,מרכז,386,47,0,1,57,59,0.23,99.75
גבעת אבני,צפון,1293,40,0,3,54,60,0.23,100.0
צור יצחק,מרכז,1345,48,0,0,60,60,0.23,99.75
להבים,דרום,1271,43,1,2,50,57,0.22,63.41
בית עובד,מרכז,202,37,1,5,44,57,0.22,99.75
חצב,דרום,700,40,0,4,48,56,0.22,63.41
בני ראם,מרכז,588,38,0,5,48,58,0.22,99.75
שייח דנון,צפון,658,32,0,1,55,57,0.22,100.0
כפר מצר,צפון,512,30,2,1,49,57,0.22,100.0
שדה ורבורג,מרכז,284,30,1,1,53,58,0.22,99.75
אודם,צפון,4010,29,0,2,52,56,0.22,100.0
בני עטרות,מרכז,448,33,1,7,40,57,0.22,99.75
נווה אטיב,צפון,4303,31,0,1,54,56,0.22,100.0
כפר ורבורג,דרום,320,35,0,2,53,57,0.22,63.41
שילת,מרכז,1165,43,0,2,50,54,0.21,99.75
געתון,צפון,463,31,0,1,53,55,0.21,100.0
אמונים,דרום,772,42,0,1,53,55,0.21,63.41
אבן שמואל,דרום,400,34,0,2,50,54,0.21,63.41
גדות,צפון,35,25,0,8,39,55,0.21,100.0
מחניים,צפון,308,35,0,4,47,55,0.21,100.0
שטח כללי,מרכז,5529,31,1,5,39,52,0.2,99.75
אורטל,צפון,4013,26,1,2,45,52,0.2,100.0
שורשים,צפון,1235,29,0,0,51,51,0.2,100.0
יכיני,דרום,811,27,0,4,43,51,0.2,63.41
גינוסר,צפון,262,16,0,8,37,53,0.2,100.0
גילון,צפון,1204,23,0,0,52,52,0.2,100.0
החותרים,חיפה,434,30,1,4,42,53,0.2,58.44
עין כרמל,חיפה,426,28,1,2,44,51,0.2,58.44
משמר הנגב,דרום,395,26,0,6,40,52,0.2,63.41
בסמת טבעון,צפון,944,34,0,2,47,51,0.2,100.0
להב,דרום,2023,23,1,6,37,52,0.2,63.41
פוריה עילית,צפון,1313,32,1,2,44,51,0.2,100.0
יקום,מרכז,417,31,0,1,50,52,0.2,99.75
רוחמה,דרום,362,30,1,2,45,52,0.2,63.41
שפר,צפון,846,23,0,5,41,51,0.2,100.0
תל יוסף,צפון,84,32,1,2,45,52,0.2,100.0
צפריה,מרכז,594,32,0,4,42,50,0.19,99.75
עין השופט,צפון,270,28,0,2,46,50,0.19,100.0
אדמית,צפון,1068,24,1,2,43,50,0.19,100.0
כרמים,דרום,1198,26,0,1,47,49,0.19,63.41
שדה חמד,מרכז,2015,24,0,4,40,48,0.18,99.75
גשר הזיו,צפון,574,25,1,1,41,46,0.18,100.0
שפיים,מרכז,232,37,0,2,43,47,0.18,99.75
שער העמקים,חיפה,237,33,0,0,48,48,0.18,58.44
תנובות,מרכז,2002,32,0,2,43,47,0.18,99.75
שער הגולן,צפון,264,24,0,6,34,46,0.18,100.0
גבעת חן,מרכז,207,29,0,5,36,46,0.18,99.75
אלוני אבא,צפון,429,20,3,2,35,48,0.18,100.0
בית קשת,צפון,365,25,1,1,43,48,0.18,100.0
רמות,צפון,4702,26,0,4,40,48,0.18,100.0
עזריקם,דרום,817,35,1,1,42,47,0.18,63.41
האון,צפון,702,17,0,5,37,47,0.18,100.0
מורשת,צפון,1178,31,0,0,47,47,0.18,100.0
שדה אליעזר,צפון,861,25,3,2,32,45,0.17,100.0
צאלים,דרום,413,26,1,4,34,45,0.17,63.41
כפר ראש הנקרא,צפון,579,24,1,1,38,43,0.17,100.0
רמת אלהייב,צפון,997,24,0,1,42,44,0.17,100.0
בת חפר,מרכז,1319,35,0,3,39,45,0.17,99.75
רקפת,צפון,1228,21,0,0,43,43,0.17,100.0
גבע,צפון,86,23,1,2,38,45,0.17,100.0
משמר הירדן,צפון,732,25,0,2,41,45,0.17,100.0
שטח כללי,מרכז,5527,22,2,1,37,45,0.17,99.75
מישר,מרכז,731,28,1,2,36,43,0.17,99.75
טמרה (יזרעאל(,צפון,547,27,0,2,41,45,0.17,100.0
דור,חיפה,738,25,1,2,36,43,0.17,58.44
נווה עובד,צפון,1105,18,1,2,34,41,0.16,100.0
עין קיניה,צפון,4502,23,1,1,36,41,0.16,100.0
ביצרון,דרום,234,31,0,0,41,41,0.16,63.41
צנדלה,צפון,636,23,0,0,41,41,0.16,100.0
זוהר,דרום,44,24,1,0,39,42,0.16,63.41
שובל,דרום,394,25,1,2,34,41,0.16,63.41
געש,מרכז,842,36,0,0,42,42,0.16,99.75
שתולים,דרום,763,31,0,2,38,42,0.16,63.41
שרשרת,דרום,398,29,0,3,34,40,0.15,63.41
אלישמע,מרכז,841,28,0,2,34,38,0.15,99.75
רמות נפתלי,צפון,372,24,0,4,30,38,0.15,100.0
כפר יחזקאל,צפון,85,17,2,5,22,38,0.15,100.0
יעד,צפון,1138,22,0,0,38,38,0.15,100.0
עין-ורד,מרכז,157,24,0,3,32,38,0.15,99.75
קצר א-סר,דרום,1347,19,0,6,28,40,0.15,63.41
איתן,דרום,37,22,0,0,38,38,0.15,63.41
ניר בנים,דרום,553,23,0,1,37,39,0.15,63.41
ללא שיפוט - אזור צפון כרמיאל,צפון,9918,17,0,0,39,39,0.15,100.0
כפר נטר,מרכז,316,31,0,0,39,39,0.15,99.75
עין חרוד איחוד,צפון,89,29,0,1,37,39,0.15,100.0
קשת,צפון,4006,24,0,3,33,39,0.15,100.0
אשדות יעקב(איחוד),צפון,199,16,0,2,34,38,0.15,100.0
חבצלת השרון,מרכז,235,26,0,1,36,38,0.15,99.75
מזור,מרכז,606,26,1,1,35,40,0.15,99.75
עין איילה,חיפה,687,20,1,3,30,39,0.15,58.44
אורות,דרום,2012,26,0,0,39,39,0.15,63.41
ראס עלי,חיפה,990,18,0,1,37,39,0.15,58.44
גן השומרון,חיפה,225,20,1,0,33,36,0.14,58.44
עין גדי,דרום,2042,18,0,4,29,37,0.14,63.41
דפנה,צפון,302,18,0,3,30,36,0.14,100.0
כפר עבודה,צפון,1104,21,0,1,34,36,0.14,100.0
רווחה,דרום,2051,22,0,2,33,37,0.14,63.41
אביחיל,מרכז,175,22,0,0,37,37,0.14,99.75
אבו תלול,דרום,1375,21,2,5,21,37,0.14,63.41
כפר בלום,צפון,357,13,0,1,35,37,0.14,100.0
בית שקמה,דרום,747,25,0,2,32,36,0.14,63.41
דמיידה,צפון,1317,18,0,0,37,37,0.14,100.0
חנתון,צפון,1257,17,0,1,35,37,0.14,100.0
חזון,צפון,1047,21,0,0,37,37,0.14,100.0
דברת,צפון,407,23,0,1,32,34,0.13,100.0
ישע,דרום,916,18,1,4,23,34,0.13,63.41
כפר אביב,מרכז,857,24,1,0,31,34,0.13,99.75
משען,דרום,791,18,0,6,23,35,0.13,63.41
בית לחם הגלילית,צפון,430,18,2,0,28,34,0.13,100.0
נווה ים,חיפה,312,15,2,4,20,34,0.13,58.44
אמציה,דרום,23,13,1,7,18,35,0.13,63.41
גבע כרמל,חיפה,683,20,0,1,31,33,0.13,58.44
כפר המכבי,חיפה,254,23,0,0,33,33,0.13,58.44
דליה,צפון,300,18,0,1,32,34,0.13,100.0
יד בנימין,מרכז,577,23,0,1,31,33,0.13,99.75
ברעם,צפון,667,20,0,3,28,34,0.13,100.0
ספסופה,צפון,609,21,0,1,32,34,0.13,100.0
דן,צפון,303,15,1,2,28,35,0.13,100.0
אל סייד,דרום,1359,19,0,4,26,34,0.13,63.41
גדיש,צפון,145,19,0,0,33,33,0.13,100.0
שדות ים,חיפה,327,22,1,1,30,35,0.13,58.44
בית יצחק- שער חפר,מרכז,326,25,0,1,32,34,0.13,99.75
ללא שיפוט - אזור מעיליא,צפון,9901,22,0,0,34,34,0.13,100.0
ללא שיפוט - אזור מושב אומץ,מרכז,9958,20,2,1,23,31,0.12,99.75
צור נתן,מרכז,1148,19,0,0,30,30,0.12,99.75
חרות,מרכז,162,17,0,2,26,30,0.12,99.75
כמאנה,צפון,1331,17,0,1,29,31,0.12,100.0
בן עמי,צפון,712,24,0,0,32,32,0.12,100.0
עלמה,צפון,688,18,0,1,28,30,0.12,100.0
מייסר,חיפה,649,21,0,0,32,32,0.12,58.44
גן חיים,מרכז,239,23,0,1,29,31,0.12,99.75
נגה,דרום,55,16,1,2,23,30,0.12,63.41
אפיקים,צפון,176,23,0,3,26,32,0.12,100.0
תלמי בילו,דרום,2050,20,1,1,27,32,0.12,63.41
אלישיב,מרכז,204,16,1,4,21,32,0.12,99.75
מוקיבלה,צפון,635,18,0,0,30,30,0.12,100.0
אילון,צפון,294,17,2,0,26,32,0.12,100.0
ואדי חמאם,צפון,993,23,0,1,30,32,0.12,100.0
רעים,דרום,713,13,1,1,27,32,0.12,63.41
חולדה,מרכז,160,20,0,4,23,31,0.12,99.75
יונתן,צפון,4007,13,0,3,23,29,0.11,100.0
אביאל,חיפה,679,15,0,1,26,28,0.11,58.44
נאות חובב,דרום,1770,20,1,2,21,28,0.11,63.41
גאולים,מרכז,379,18,0,2,24,28,0.11,99.75
בארות יצחק,מרכז,450,22,0,0,28,28,0.11,99.75
חפצי בה,צפון,90,16,0,2,25,29,0.11,100.0
עין יעקב,צפון,813,19,1,0,26,29,0.11,100.0
לפיד,מרכז,1310,26,0,0,29,29,0.11,99.75
ינוב,מרכז,753,20,0,3,22,28,0.11,99.75
יפעת,צפון,134,16,0,0,29,29,0.11,100.0
עוצם,דרום,32,16,0,0,28,28,0.11,63.41
בית רימון,צפון,1162,17,0,1,27,29,0.11,100.0
קלחים,דרום,414,19,1,3,20,29,0.11,63.41
אליכין,מרכז,41,24,0,0,27,27,0.1,99.75
מגדים,חיפה,689,17,0,1,24,26,0.1,58.44
פקיעין חדשה,צפון,281,13,0,0,27,27,0.1,100.0
אבו קורינאת,דרום,1342,13,1,1,20,25,0.1,63.41
בית יהושע,מרכז,288,19,0,1,24,26,0.1,99.75
בית עוזיאל,מרכז,301,13,0,3,19,25,0.1,99.75
רחוב,צפון,854,13,0,2,22,26,0.1,100.0
משגב עם,צפון,378,12,3,2,14,27,0.1,100.0
מצובה,צפון,325,12,1,0,23,26,0.1,100.0
צופר,דרום,1150,10,0,4,18,26,0.1,63.41
גזר,מרכז,370,15,0,1,24,26,0.1,99.75
קבוצת כנרת,צפון,57,19,0,0,25,25,0.1,100.0
ריחאניה,צפון,540,14,0,0,26,26,0.1,100.0
שטח כללי,צפון,5552,14,0,2,21,25,0.1,100.0
כפר אחים,דרום,690,16,0,0,25,25,0.1,63.41
הבונים,חיפה,675,19,1,1,22,27,0.1,58.44
כפר כמא,צפון,508,21,1,1,21,26,0.1,100.0
נגבה,דרום,315,21,0,0,25,25,0.1,63.41
נהורה,דרום,309,17,1,0,22,25,0.1,63.41
לבון,צפון,1207,14,0,0,25,25,0.1,100.0
שמרת,צפון,432,16,0,1,23,25,0.1,100.0
ניצן,דרום,351,20,0,1,24,26,0.1,63.41
עוזיר,צפון,528,18,0,3,18,24,0.09,100.0
בית חלקיה,מרכז,2033,14,0,0,24,24,0.09,99.75
שבלים,דרום,865,16,0,0,24,24,0.09,63.41
חיבת ציון,מרכז,219,18,0,1,21,23,0.09,99.75
כרם בן זמרה,צפון,664,17,0,0,24,24,0.09,100.0
ללא שיפוט - אזור מאגר צלמון,צפון,9923,14,0,0,23,23,0.09,100.0
כפר גדעון,צפון,106,15,1,0,20,23,0.09,100.0
מעלה גלבוע,צפון,1127,17,0,2,19,23,0.09,100.0
כורזים,צפון,1252,12,0,1,21,23,0.09,100.0
אודים,מרכז,446,15,0,0,23,23,0.09,99.75
מרחביה מושב,צפון,97,16,0,1,22,24,0.09,100.0
תל יצחק,מרכז,287,17,0,1,21,23,0.09,99.75
משמר איילון,מרכז,670,17,0,1,21,23,0.09,99.75
שדה יצחק,חיפה,2008,11,0,1,21,23,0.09,58.44
באר גנים,דרום,1376,13,2,1,16,24,0.09,63.41
חניתה,צפון,280,14,1,0,20,23,0.09,100.0
בית ניר,דרום,16,13,0,2,20,24,0.09,63.41
קרית יערים,ירושלים,1137,19,0,2,19,23,0.09,35.33
להבות הבשן,צפון,380,10,0,0,24,24,0.09,100.0
ללא שיפוט - אזור בקעת בית נטופה,צפון,9924,14,0,2,19,23,0.09,100.0
בצרה,מרכז,389,18,0,1,21,23,0.09,99.75
חצרים,דרום,397,18,0,1,22,24,0.09,63.41
גבעות בר,דרום,1344,9,0,2,16,20,0.08,63.41
שורש,ירושלים,456,11,0,0,22,22,0.08,35.33
יסוד המעלה,צפון,29,15,0,0,22,22,0.08,100.0
קטורה,דרום,1052,13,0,0,22,22,0.08,63.41
בצת,צפון,589,16,0,1,19,21,0.08,100.0
מכחול,דרום,1343,8,2,3,9,21,0.08,63.41
צור-משה,מרכז,276,17,1,0,18,21,0.08,99.75
עזריה,מרכז,711,18,0,0,20,20,0.08,99.75
ביר הדאג',דרום,1348,8,4,0,9,21,0.08,63.41
תל קציר,צפון,719,7,0,3,14,20,0.08,100.0
ראס אל עין,צפון,1334,11,0,0,22,22,0.08,100.0
גבעת כח,מרכז,802,14,0,2,18,22,0.08,99.75
הררית,צפון,1203,9,0,0,22,22,0.08,100.0
נס הרים,ירושלים,825,17,0,1,19,21,0.08,35.33
גורן,צפון,755,15,0,1,18,20,0.08,100.0
עמיקם,חיפה,773,12,0,1,19,21,0.08,58.44
דורות,דרום,336,11,1,2,14,21,0.08,63.41
שומריה,דרום,1265,7,0,1,18,20,0.08,63.41
מיצר,צפון,4019,11,0,2,18,22,0.08,100.0
רמת רחל,ירושלים,127,14,0,1,18,20,0.08,35.33
מורן,צפון,1163,10,0,0,22,22,0.08,100.0
גנות,מרכז,836,17,0,0,20,20,0.08,99.75
מגן שאול,צפון,1155,10,0,2,17,21,0.08,100.0
גונן,צפון,852,16,0,0,20,20,0.08,100.0
שלווה,דרום,873,19,0,0,21,21,0.08,63.41
ללא שיפוט - אזור צומת מצר,חיפה,9950,4,1,6,6,21,0.08,58.44
היוגב,צפון,684,9,0,0,18,18,0.07,100.0
ללא שיפוט - אזור עמק איילון,מרכז,9967,11,1,1,13,18,0.07,99.75
דבורה,צפון,146,9,0,3,11,17,0.07,100.0
בית אלפא,צפון,95,7,1,0,15,18,0.07,100.0
עין אל אסד,צפון,546,9,0,0,17,17,0.07,100.0
שדמה,מרכז,555,9,0,4,9,17,0.07,99.75
אבן מנחם,צפון,1081,12,1,1,14,19,0.07,100.0
אבני איתן,צפון,4011,7,1,0,14,17,0.07,100.0
דבירה,דרום,849,9,0,1,16,18,0.07,63.41
דישון,צפון,2063,10,0,1,17,19,0.07,100.0
בית ינאי,מרכז,200,18,0,0,19,19,0.07,99.75
אליפז,דרום,1248,6,0,0,17,17,0.07,63.41
נחל עוז,דרום,844,14,0,0,17,17,0.07,63.41
אורה,ירושלים,780,18,0,0,19,19,0.07,35.33
פדיה,מרכז,838,14,0,2,14,18,0.07,99.75
רג'ר,צפון,4501,12,0,1,15,17,0.07,100.0
כרמי יוסף,מרכז,1264,12,0,2,13,17,0.07,99.75
נטועה,צפון,1147,10,0,1,17,19,0.07,100.0
חמד,מרכז,801,16,0,0,17,17,0.07,99.75
שדה אליהו,צפון,304,11,0,4,10,18,0.07,100.0
רמת השופט,צפון,335,11,0,0,19,19,0.07,100.0
שדה נחמיה,צפון,329,13,0,0,17,17,0.07,100.0
עמיעוז,דרום,318,6,1,2,11,18,0.07,63.41
יושיביה,דרום,803,10,0,1,17,19,0.07,63.41
עין יהב,דרום,806,14,0,1,16,18,0.07,63.41
הזורעים,צפון,307,8,0,2,14,18,0.07,100.0
אמירים,צפון,1064,11,0,2,13,17,0.07,100.0
דגניה א',צפון,62,15,0,1,17,19,0.07,100.0
שדה תרומות,צפון,2057,6,0,0,18,18,0.07,100.0
מרחביה קיבוץ,צפון,66,12,0,0,19,19,0.07,100.0
שגב,צפון,917,13,0,0,17,17,0.07,100.0
אביגדור,דרום,819,12,0,0,18,18,0.07,63.41
אשחר,צפון,1188,7,0,1,17,19,0.07,100.0
הושעיה,צפון,1186,8,0,0,17,17,0.07,100.0
גן נר,צפון,1274,13,0,0,17,17,0.07,100.0
גליל ים,תל אביב,346,13,0,0,17,17,0.07,65.34
בני ציון,מרכז,418,13,0,0,15,15,0.06,99.75
גבים,דרום,424,12,0,0,16,16,0.06,63.41
לוטם,צפון,1171,9,0,0,16,16,0.06,100.0
כפר עזה,דרום,845,10,0,0,16,16,0.06,63.41
ניר דוד,צפון,256,9,0,0,15,15,0.06,100.0
מצפה אילן,חיפה,1370,6,1,0,13,16,0.06,58.44
אלי על,צפון,4002,6,0,4,8,16,0.06,100.0
בורגתא,מרכז,698,11,0,0,15,15,0.06,99.75
כפר-הס,מרכז,187,10,0,2,11,15,0.06,99.75
שמשית,צפון,1337,12,0,0,16,16,0.06,100.0
שומרה,צפון,614,11,0,1,14,16,0.06,100.0
כפר ברוך,צפון,132,10,0,1,14,16,0.06,100.0
כפר יהושע,צפון,140,11,1,1,10,15,0.06,100.0
זיקים,דרום,584,11,0,0,16,16,0.06,63.41
כפר מלל,מרכז,98,12,0,1,14,16,0.06,99.75
אשבול,דרום,71,8,0,0,16,16,0.06,63.41
מנחמיה,צפון,48,9,0,1,13,15,0.06,100.0
ללא שיפוט - אזור כביש 6535,חיפה,9955,7,0,1,13,15,0.06,58.44
פרזון,צפון,2053,10,0,0,16,16,0.06,100.0
רביד,צפון,1225,10,0,2,12,16,0.06,100.0
שרונה,צפון,292,13,0,0,16,16,0.06,100.0
מצפה אביב,צפון,1222,10,0,0,15,15,0.06,100.0
ביריה,צפון,368,11,0,0,15,15,0.06,100.0
מכמורת,מרכז,382,13,0,1,14,16,0.06,99.75
פארן,דרום,1151,8,0,0,15,15,0.06,63.41
גבעתי,דרום,793,12,0,1,13,15,0.06,63.41
שניר,צפון,1132,7,0,2,10,14,0.05,100.0
מדרשת בן גוריון,דרום,1140,7,1,0,10,13,0.05,63.41
גיאה,דרום,706,6,1,2,7,14,0.05,63.41
סעוה,דרום,1360,7,0,2,10,14,0.05,63.41
רומאנה,צפון,539,9,0,0,13,13,0.05,100.0
שפיר,דרום,692,7,0,0,12,12,0.05,63.41
טיבה,צפון,497,8,2,2,4,14,0.05,100.0
מגן,דרום,695,8,0,1,10,12,0.05,63.41
בארותיים,מרכז,697,11,0,0,12,12,0.05,99.75
מעגלים,דרום,1082,10,0,1,10,12,0.05,63.41
רמת דוד,צפון,135,8,0,0,12,12,0.05,100.0
גבת,צפון,133,10,0,1,12,14,0.05,100.0
קדרון,מרכז,615,11,0,0,12,12,0.05,99.75
ללא שיפוט - אזור מדרום למחלף חורשים,מרכז,9962,5,0,1,10,12,0.05,99.75
שחר,דרום,7,8,0,3,6,12,0.05,63.41
אום אל קטף,חיפה,2024,11,0,0,12,12,0.05,58.44
תפרח,דרום,709,9,0,1,10,12,0.05,63.41
פדויים,דרום,750,6,0,1,11,13,0.05,63.41
אחוזת ברק,צפון,1330,10,0,1,10,12,0.05,100.0
טל שחר,ירושלים,462,8,0,1,11,13,0.05,35.33
נאות מרדכי,צפון,408,8,0,1,10,12,0.05,100.0
יציץ,מרכז,759,10,0,1,11,13,0.05,99.75
דלתון,צפון,431,9,0,1,10,12,0.05,100.0
חרב לאת,מרכז,422,10,0,0,14,14,0.05,99.75
פורת,מרכז,767,11,0,0,13,13,0.05,99.75
כרמיה,דרום,768,9,0,0,14,14,0.05,63.41
חספין,צפון,4005,7,0,1,10,12,0.05,100.0
עין עירון,חיפה,223,9,0,1,10,12,0.05,58.44
כישור,צפון,1153,9,0,1,11,13,0.05,100.0
כפר חיטים,צפון,255,9,0,0,14,14,0.05,100.0
בית יוסף,צפון,265,9,0,2,10,14,0.05,100.0
רשפון,מרכז,247,8,0,0,12,12,0.05,99.75
עברון,צפון,376,10,0,1,10,12,0.05,100.0
מבוא חמה,צפון,4204,10,0,0,14,14,0.05,100.0
חפץ חיים,מרכז,363,11,0,0,12,12,0.05,99.75
כפר זיתים,צפון,786,7,0,0,13,13,0.05,100.0
חניאל,מרכז,807,9,0,0,12,12,0.05,99.75
עידן,דרום,1175,6,1,1,8,13,0.05,63.41
טל אל,צפון,1181,7,0,0,14,14,0.05,100.0
גת,דרום,340,10,0,0,13,13,0.05,63.41
עין הבשור,דרום,1240,8,0,2,9,13,0.05,63.41
בית הלל,צפון,322,8,0,2,10,14,0.05,100.0
בר גיורא,ירושלים,823,8,0,2,9,13,0.05,35.33
עופר,חיפה,810,12,0,0,12,12,0.05,58.44
מטולה,צפון,43,9,0,1,10,12,0.05,100.0
שדה דוד,דרום,36,9,1,0,10,13,0.05,63.41
מלכיה,צפון,596,5,0,2,8,12,0.05,100.0
נירים,דרום,602,9,0,2,10,14,0.05,63.41
ללא שיפוט - אזור מחלף גילעם,חיפה,9935,12,0,0,14,14,0.05,58.44
זמרת,דרום,1065,11,0,1,11,13,0.05,63.41
אור הנר,דרום,67,6,0,0,12,12,0.05,63.41
עין הוד,חיפה,74,7,0,0,13,13,0.05,58.44
בית חשמונאי,מרכז,1050,10,0,0,11,11,0.04,99.75
סגולה,דרום,2046,8,0,1,9,11,0.04,63.41
חלץ,דרום,820,7,0,0,10,10,0.04,63.41
נופך,מרכז,257,7,1,1,6,11,0.04,99.75
שאר ישוב,צפון,324,4,0,0,11,11,0.04,100.0
מסילות,צפון,298,6,0,0,11,11,0.04,100.0
ספיר,דרום,1176,5,0,0,10,10,0.04,63.41
הגושרים,צפון,356,6,0,1,8,10,0.04,100.0
צביה,צפון,1180,6,0,0,11,11,0.04,100.0
אלון הגליל,צפון,1182,8,0,1,8,10,0.04,100.0
אחיטוב,מרכז,850,8,0,0,10,10,0.04,99.75
שעל,צפון,4009,8,0,0,10,10,0.04,100.0
בת הדר,דרום,1323,11,0,0,11,11,0.04,63.41
מעין ברוך,צפון,416,6,0,0,11,11,0.04,100.0
אל-עריאן,חיפה,1316,6,0,0,11,11,0.04,58.44
נווה זיו,צפון,1314,6,0,2,7,11,0.04,100.0
משגב דב,מרכז,765,10,0,0,11,11,0.04,99.75
ביתן אהרון,מרכז,252,9,0,0,10,10,0.04,99.75
יהל,דרום,1158,3,2,1,2,10,0.04,63.41
עזריאל,מרכז,837,10,0,1,9,11,0.04,99.75
אבטליון,צפון,1275,5,0,0,10,10,0.04,100.0
תרום,ירושלים,778,10,0,0,10,10,0.04,35.33
גני הדר,מרכז,1103,7,0,0,11,11,0.04,99.75
כפר מימון,דרום,1095,6,1,0,7,10,0.04,63.41
עבדון,צפון,892,9,0,0,10,10,0.04,100.0
ישיבת כרם יבנה,מרכז,1094,5,0,3,5,11,0.04,99.75
סולם,צפון,526,8,0,0,11,11,0.04,100.0
עין-שריד,מרכז,880,6,1,1,5,10,0.04,99.75
בית זית,ירושלים,710,7,0,0,10,10,0.04,35.33
יובל,צפון,2009,4,0,3,4,10,0.04,100.0
כרם מהרל,חיפה,580,9,0,2,7,11,0.04,58.44
בית חירות,מרכז,877,6,0,1,8,10,0.04,99.75
רנתיה,מרכז,616,9,0,0,11,11,0.04,99.75
כפר החורש,צפון,192,7,0,0,9,9,0.03,100.0
כפר מונש,מרכז,387,8,0,0,8,8,0.03,99.75
מבוא ביתר,ירושלים,771,8,0,0,9,9,0.03,35.33
מולדת,צפון,269,5,0,1,5,7,0.03,100.0
המעפיל,מרכז,377,4,0,1,7,9,0.03,99.75
כחל,צפון,1210,6,0,0,7,7,0.03,100.0
עמוקה,צפון,1212,5,0,0,7,7,0.03,100.0
נוב,צפון,4304,6,0,2,5,9,0.03,100.0
כפר קיש,צפון,388,6,0,0,7,7,0.03,100.0
זרחיה,דרום,818,6,0,0,7,7,0.03,63.41
תובל,צפון,1172,6,0,0,7,7,0.03,100.0
שדה נחום,צפון,259,5,0,1,5,7,0.03,100.0
שקף,דרום,1233,4,1,1,3,8,0.03,63.41
זכריה,ירושלים,799,5,0,0,7,7,0.03,35.33
ללא שיפוט - אזור מצפון לבסמת טבעון,חיפה,9938,3,0,0,8,8,0.03,58.44
לוזית,ירושלים,52,6,0,1,7,9,0.03,35.33
נחלה,דרום,2045,2,0,2,3,7,0.03,63.41
בית עריף,מרכז,604,6,0,0,7,7,0.03,99.75
ניר עקיבא,דרום,2048,7,0,0,8,8,0.03,63.41
מיטב,צפון,2054,6,0,1,6,8,0.03,100.0
שתולה,צפון,1045,5,0,0,8,8,0.03,100.0
פעמי תשז,דרום,2059,5,1,1,4,9,0.03,63.41
אומץ,מרכז,680,5,0,1,7,9,0.03,99.75
ללא שיפוט - אזור תל השומר,תל אביב,9969,6,0,0,9,9,0.03,65.34
צרעה,ירושלים,567,8,0,1,7,9,0.03,35.33
גבעולים,דרום,2014,6,0,0,7,7,0.03,63.41
שריגים (לי-און),ירושלים,1114,6,0,0,7,7,0.03,35.33
צור הדסה,ירושלים,1113,3,0,1,5,7,0.03,35.33
מרכז שפירא,דרום,1098,8,0,0,9,9,0.03,63.41
אביבים,צפון,1115,6,0,2,4,8,0.03,100.0
אשתאול,ירושלים,740,7,0,0,7,7,0.03,35.33
תראבין א-צאנע,דרום,1346,4,1,0,5,8,0.03,63.41
נוף איילון,מרכז,1333,6,0,0,8,8,0.03,99.75
גנות הדר,מרכז,549,8,0,0,9,9,0.03,99.75
חופית,מרכז,115,8,0,0,9,9,0.03,99.75
עולש,מרכז,737,6,0,0,8,8,0.03,99.75
עין החורש,מרכז,167,5,0,1,5,7,0.03,99.75
רשפים,צפון,437,6,0,0,9,9,0.03,100.0
גילת,דרום,736,8,0,1,7,9,0.03,63.41
שלוחות,צפון,439,7,0,1,6,8,0.03,100.0
בית רבן,מרכז,848,5,0,1,6,8,0.03,99.75
משמרות,חיפה,213,7,0,1,7,9,0.03,58.44
כפר הרואה,מרכז,217,8,0,0,9,9,0.03,99.75
הדר עם,מרכז,191,8,0,0,9,9,0.03,99.75
מתן,מרכז,1315,6,0,0,7,7,0.03,99.75
יד חנה,מרכז,758,7,0,0,7,7,0.03,99.75
מסלול,דרום,748,4,1,1,4,9,0.03,63.41
חצור-אשדוד,דרום,406,6,0,0,7,7,0.03,63.41
כסלון,ירושלים,859,7,0,1,7,9,0.03,35.33
נאות גולן,צפון,4551,4,0,1,7,9,0.03,100.0
רמת מגשימים,צפון,4701,6,0,1,6,8,0.03,100.0
בית הלוי,מרכז,373,6,0,1,5,7,0.03,99.75
חוקוק,צפון,374,5,0,0,7,7,0.03,100.0
כפר חרוב,צפון,4004,5,0,0,9,9,0.03,100.0
זרעית,צפון,1130,3,0,0,7,7,0.03,100.0
אלומה,דרום,1145,6,0,0,7,7,0.03,63.41
נס עמים,צפון,1143,6,0,0,9,9,0.03,100.0
אשדות יעקב (מאוחד),צפון,188,5,0,0,9,9,0.03,100.0
חווא'לד,חיפה,1321,6,0,0,9,9,0.03,58.44
נווה אילן,ירושלים,405,8,0,0,9,9,0.03,35.33
מפלסים,דרום,668,5,0,0,9,9,0.03,63.41
רמת יוחנן,חיפה,178,7,0,0,8,8,0.03,58.44
סער,צפון,454,5,0,0,7,7,0.03,100.0
גבעת חיים איחוד,מרכז,2018,6,0,2,4,8,0.03,99.75
רוויה,צפון,2016,8,0,0,9,9,0.03,100.0
עוזה,דרום,826,7,0,0,8,8,0.03,63.41
שוקדה,דרום,415,2,0,0,7,7,0.03,63.41
צבעון,צפון,1213,4,0,0,5,5,0.02,100.0
גיתה,צפון,1206,2,0,0,6,6,0.02,100.0
גשר,צפון,305,2,0,0,6,6,0.02,100.0
אלומות,צפון,330,4,0,0,5,5,0.02,100.0
עמיר,צפון,319,2,0,0,4,4,0.02,100.0
תלמים,דרום,814,2,0,1,2,4,0.02,63.41
כמון,צפון,1201,2,0,0,6,6,0.02,100.0
עין חצבה,דרום,1053,2,0,0,6,6,0.02,63.41
שדה ניצן,דרום,1058,3,0,1,2,4,0.02,63.41
נוה זוהר,דרום,1057,5,0,0,5,5,0.02,63.41
חרוצים,מרכז,1024,4,0,0,4,4,0.02,99.75
ללא שיפוט - אזור מצפון לקציר,חיפה,9946,3,0,0,6,6,0.02,58.44
מטע,ירושלים,822,4,0,1,3,5,0.02,35.33
מעלה החמישה,ירושלים,286,4,0,0,4,4,0.02,35.33
נווה איתן,צפון,296,3,0,0,4,4,0.02,100.0
בר יוחאי,צפון,1191,3,0,0,5,5,0.02,100.0
מנות,צפון,1205,4,0,0,4,4,0.02,100.0
כוכב מיכאל,דרום,824,3,0,0,6,6,0.02,63.41
חמדיה,צפון,343,4,0,0,4,4,0.02,100.0
כפר רות,מרכז,1166,3,0,0,5,5,0.02,99.75
מתת,צפון,1184,3,0,0,5,5,0.02,100.0
קורנית,צפון,1179,1,0,0,4,4,0.02,100.0
מנרה,צפון,347,3,0,0,4,4,0.02,100.0
יתד,דרום,1227,2,0,1,2,4,0.02,63.41
מסדה,צפון,263,4,0,0,5,5,0.02,100.0
כפר סולד,צפון,345,4,0,1,4,6,0.02,100.0
צורית,צפון,1221,3,0,0,4,4,0.02,100.0
צלפון,ירושלים,796,5,0,1,4,6,0.02,35.33
גורנות הגליל,צפון,1219,4,0,1,3,5,0.02,100.0
אבירים,צפון,1220,2,0,0,5,5,0.02,100.0
שובה,דרום,761,4,0,0,4,4,0.02,63.41
נופית,חיפה,1284,4,0,0,5,5,0.02,58.44
שואבה,ירושלים,741,4,0,0,4,4,0.02,35.33
תלמי יפה,דרום,744,5,0,0,5,5,0.02,63.41
גברעם,דרום,342,3,0,1,3,5,0.02,63.41
כפר אוריה,ירושלים,364,4,0,0,4,4,0.02,35.33
גבעת יערים,ירושלים,787,3,0,0,4,4,0.02,35.33
אבן ספיר,ירושלים,783,4,0,0,4,4,0.02,35.33
נטף,ירושלים,1254,3,0,0,4,4,0.02,35.33
נחשון,ירושלים,777,4,0,0,5,5,0.02,35.33
מחסיה,ירושלים,776,4,0,0,4,4,0.02,35.33
יד נתן,דרום,775,3,0,1,3,5,0.02,63.41
הרדוף,צפון,1249,3,0,0,4,4,0.02,100.0
גשור,צפון,4022,5,0,0,5,5,0.02,100.0
אור הגנוז,צפון,1294,4,0,1,4,6,0.02,100.0
תמרת,צפון,1244,5,0,0,6,6,0.02,100.0
מבטחים,דרום,829,5,0,0,5,5,0.02,63.41
אשלים,דרום,1152,4,0,1,3,5,0.02,63.41
אחווה,דרום,1157,3,0,0,6,6,0.02,63.41
עין הנציב,צפון,383,3,0,0,4,4,0.02,100.0
יסודות,מרכז,440,5,0,1,4,6,0.02,99.75
אדרת,ירושלים,1123,6,0,0,6,6,0.02,35.33
כפר פינס,חיפה,189,3,0,1,2,4,0.02,58.44
עלומים,דרום,1146,3,0,0,4,4,0.02,63.41
בטחה,דרום,762,4,0,0,4,4,0.02,63.41
רמת רזיאל,ירושלים,460,3,0,0,4,4,0.02,35.33
רמות מאיר,מרכז,735,5,0,0,6,6,0.02,99.75
צובה,ירושלים,465,3,0,0,4,4,0.02,35.33
תלמי יחיאל,דרום,727,3,0,1,3,5,0.02,63.41
שדה אילן,צפון,721,5,0,0,6,6,0.02,100.0
ערב אל נעים,צפון,1335,3,0,0,4,4,0.02,100.0
בית מאיר,ירושלים,751,2,0,1,2,4,0.02,35.33
בני דקלים,דרום,1368,4,0,0,4,4,0.02,63.41
כחלה,דרום,1367,1,0,0,4,4,0.02,63.41
נווה,דרום,1366,2,0,0,5,5,0.02,63.41
דריג'את,דרום,1349,3,0,0,4,4,0.02,63.41
כפר-יעבץ,מרכז,170,3,0,0,4,4,0.02,99.75
כרם שלום,דרום,1085,4,0,0,4,4,0.02,63.41
אומן,צפון,1108,6,0,0,6,6,0.02,100.0
חבר,צפון,1110,4,0,0,6,6,0.02,100.0
הראל,ירושלים,464,3,0,0,5,5,0.02,35.33
תלמי אליעזר,חיפה,2003,4,0,0,4,4,0.02,58.44
גני טל,מרכז,1371,4,0,0,4,4,0.02,99.75
גזית,צפון,457,4,0,0,6,6,0.02,100.0
נטעים,מרכז,174,4,0,0,4,4,0.02,99.75
בית זרע,צפון,143,4,0,0,4,4,0.02,100.0
אדירים,צפון,113,2,1,0,3,6,0.02,100.0
רם און,צפון,1069,2,0,0,4,4,0.02,100.0
קרית ענבים,ירושלים,78,4,0,0,4,4,0.02,35.33
אילת השחר,צפון,77,3,0,0,5,5,0.02,100.0
תירוש,ירושלים,10,2,0,0,4,4,0.02,35.33
חצבה,דרום,13,5,0,0,6,6,0.02,63.41
באר אורה,דרום,21,2,0,0,2,2,0.01,63.41
שדות מיכה,ירושלים,27,2,0,0,2,2,0.01,35.33
זרועה,דרום,2064,2,0,0,2,2,0.01,63.41
ניצן א' אתר זמני,דרום,1419,3,0,0,3,3,0.01,63.41
עין נקובא,ירושלים,521,3,0,0,3,3,0.01,35.33
נווה אור,צפון,590,1,0,0,2,2,0.01,100.0
עין צורים,דרום,622,2,0,0,3,3,0.01,63.41
נצר חזני,מרכז,1372,1,0,0,2,2,0.01,99.75
כרמי קטיף,דרום,1374,3,0,0,3,3,0.01,63.41
עשרת,מרכז,591,3,0,0,3,3,0.01,99.75
בניה,מרכז,685,2,0,0,2,2,0.01,99.75
עין חוד,חיפה,1320,1,0,1,1,3,0.01,58.44
ארסוף,מרכז,1324,3,0,0,3,3,0.01,99.75
משמרת,מרכז,425,2,0,0,2,2,0.01,99.75
סעד,דרום,419,2,0,1,1,3,0.01,63.41
כפר גלים,חיפה,427,2,0,0,2,2,0.01,58.44
אלוני הבשן,צפון,4017,2,0,0,3,3,0.01,100.0
ניר יצחק,דרום,402,3,0,0,3,3,0.01,63.41
נטע,דרום,1369,1,0,0,2,2,0.01,63.41
מרחב עם,דרום,1340,1,0,0,2,2,0.01,63.41
יפתח,צפון,453,2,0,0,3,3,0.01,100.0
מנוחה,דרום,2030,3,0,0,3,3,0.01,63.41
דחי,צפון,475,2,0,0,2,2,0.01,100.0
כפר הנשיא,צפון,443,2,0,0,2,2,0.01,100.0
קוממיות,דרום,766,3,0,0,3,3,0.01,63.41
אילות,דרום,1126,3,0,0,3,3,0.01,63.41
אלמגור,צפון,1125,2,0,0,2,2,0.01,100.0
יעף,מרכז,1044,2,0,0,2,2,0.01,99.75
ניר עוז,דרום,69,2,0,0,2,2,0.01,63.41
ניר חן,דרום,11,2,0,0,2,2,0.01,63.41
ללא שיפוט - אזור הר תבור,צפון,9930,2,0,0,2,2,0.01,100.0
גבעת ישעיהו,ירושלים,919,2,0,0,2,2,0.01,35.33
ללא שיפוט - אזור אגם דלתון,צפון,9904,2,0,0,2,2,0.01,100.0
שושנת העמקים,מרכז,224,1,0,1,0,2,0.01,99.75
גני עם,מרכז,218,2,0,0,2,2,0.01,99.75
כפר חיים,מרכז,193,2,0,0,2,2,0.01,99.75
כפר חסידים ב',חיפה,889,2,0,0,2,2,0.01,58.44
ירקונה,מרכז,183,2,0,0,2,2,0.01,99.75
גבעת חיים מאוחד,מרכז,173,2,0,0,2,2,0.01,99.75
מבועים,דרום,1080,3,0,0,3,3,0.01,63.41
גבעת שפירא,מרכז,1077,2,0,0,2,2,0.01,99.75
נווה מיכאל,ירושלים,1071,2,0,0,2,2,0.01,35.33
אביעזר,ירושלים,1070,2,0,0,3,3,0.01,35.33
כיסופים,דרום,840,1,0,0,2,2,0.01,63.41
בקוע,ירושלים,864,2,0,0,2,2,0.01,35.33
נאות הכיכר,דרום,1124,2,0,0,2,2,0.01,63.41
נירית,מרכז,1236,2,0,0,2,2,0.01,99.75
אחוזם,דרום,821,2,0,0,2,2,0.01,63.41
זנוח,ירושלים,816,3,0,0,3,3,0.01,35.33
עג'ור,ירושלים,794,3,0,0,3,3,0.01,35.33
הילה,צפון,1208,2,0,0,2,2,0.01,100.0
עזר,דרום,1149,3,0,0,3,3,0.01,63.41
מוצא עילית,ירושלים,208,3,0,0,3,3,0.01,35.33
נווה מבטח,דרום,827,2,0,0,2,2,0.01,63.41
נורית,צפון,833,1,0,0,2,2,0.01,100.0
מנוף,צפון,1174,2,0,0,2,2,0.01,100.0
טירת צבי,צפון,268,2,0,0,2,2,0.01,100.0
שדמות דבורה,צפון,306,3,0,0,3,3,0.01,100.0
מרגליות,צפון,843,1,0,1,0,2,0.01,100.0
יבול,דרום,1232,2,0,0,3,3,0.01,63.41
אמנון,צפון,1253,1,0,1,0,2,0.01,100.0
בית זיד,צפון,353,2,0,0,2,2,0.01,100.0
אשרת,צפון,1256,3,0,0,3,3,0.01,100.0
נחם,ירושלים,809,2,0,0,2,2,0.01,35.33
ישעי,ירושלים,805,2,0,0,3,3,0.01,35.33
גבולות,דרום,352,3,0,0,3,3,0.01,63.41
לבנים,צפון,1230,2,0,0,3,3,0.01,100.0
נווה שלום,ירושלים,1259,2,0,0,2,2,0.01,35.33
צוקים,דרום,1262,3,0,0,3,3,0.01,63.41
שחרות,דרום,1266,2,0,0,2,2,0.01,63.41
קדמה,דרום,392,1,0,0,3,3,0.01,63.41
אפיק,צפון,4301,2,0,0,2,2,0.01,100.0
כרכום,צפון,1285,2,0,0,2,2,0.01,100.0
תל תאומים,צפון,1283,2,0,0,2,2,0.01,100.0
מירב,צפון,1282,1,0,0,3,3,0.01,100.0
ורדון,דרום,1133,2,0,1,1,3,0.01,63.41
נווה חריף,דרום,1279,0,0,0,0,0,0.0,63.41
ניצני סיני,דרום,1280,1,0,0,1,1,0.0,63.41
כנף,צפון,4028,1,0,0,1,1,0.0,100.0
נטור,צפון,4014,0,0,0,0,0,0.0,100.0
בני יהודה,צפון,4015,0,0,0,0,0,0.0,100.0
מסילת ציון,ירושלים,742,1,0,0,1,1,0.0,35.33
העוגן,מרכז,423,1,0,0,1,1,0.0,99.75
אבשלום,דרום,1311,1,0,0,1,1,0.0,63.41
פטיש,דרום,749,1,0,0,1,1,0.0,63.41
אליאב,דרום,1365,0,0,0,0,0,0.0,63.41
שלומית,דרום,1364,0,0,0,0,0,0.0,63.41
גן יאשיה,מרכז,734,0,0,0,0,0,0.0,99.75
אל עזי,דרום,1339,0,0,0,0,0,0.0,63.41
אירוס,מרכז,1336,1,0,0,1,1,0.0,99.75
גדעונה,צפון,442,0,0,0,0,0,0.0,100.0
בת חן,מרכז,1361,1,0,0,1,1,0.0,99.75
בני נצרים,דרום,1363,1,0,0,1,1,0.0,63.41
באר מילכה,דרום,1278,1,0,0,1,1,0.0,63.41
תעוז,ירושלים,752,1,0,0,1,1,0.0,35.33
ללא שיפוט - אזור סאלם,חיפה,9956,0,0,0,0,0,0.0,58.44
יראון,צפון,623,1,0,0,1,1,0.0,100.0
ללא שיפוט - אזור מערבית לברטעה,חיפה,9947,0,0,0,0,0,0.0,58.44
ללא שיפוט - אזור מערבית לבאקה אל גרבייה,חיפה,9951,0,0,0,0,0,0.0,58.44
ללא שיפוט - אזור רמת הנדיב,חיפה,9939,0,0,0,0,0,0.0,58.44
תקומה,דרום,665,1,0,0,1,1,0.0,63.41
ירדנה,צפון,2026,0,0,0,0,0,0.0,100.0
מלילות,דרום,2044,0,0,0,0,0,0.0,63.41
עין ראפה,ירושלים,514,0,0,0,0,0,0.0,35.33
נתיב הלה,ירושלים,693,0,0,0,0,0,0.0,35.33
ניר ישראל,דרום,699,0,0,0,0,0,0.0,63.41
כפר בן נון,מרכז,2010,1,0,0,1,1,0.0,99.75
גפן,ירושלים,39,1,0,0,1,1,0.0,35.33
ללא שיפוט - אזור שמורת שער העמקים,חיפה,9937,1,0,0,1,1,0.0,58.44
ללא שיפוט - אזור נחל בענא,חיפה,9941,0,0,0,0,0,0.0,58.44
ללא שיפוט - אזור יער אלונה,חיפה,9940,0,0,0,0,0,0.0,58.44
ללא שיפוט - נחל יתלה,ירושלים,9975,0,0,0,0,0,0.0,35.33
שדה צבי,דרום,2049,0,0,0,0,0,0.0,63.41
תאשור,דרום,2062,0,0,0,0,0,0.0,63.41
עין השלושה,דרום,676,1,0,0,1,1,0.0,63.41
ניר משה,דרום,2047,0,0,0,0,0,0.0,63.41
ללא שיפוט - אזור יער חורשים,מרכז,9961,0,0,0,0,0,0.0,99.75
ללא שיפוט - אזור מדרום לראש העין,מרכז,9963,0,0,0,0,0,0.0,99.75
ללא שיפוט - אזור השפדן,מרכז,9965,0,0,0,0,0,0.0,99.75
ללא שיפוט - אזור חולות יבנה,מרכז,9968,0,0,0,0,0,0.0,99.75
ללא שיפוט - אזור מיתר,דרום,9972,1,0,0,1,1,0.0,63.41
ללא שיפוט - אזור מזרחית לכפר תראבין,דרום,9973,0,0,0,0,0,0.0,63.41
ללא שיפוט - אזור ערד,דרום,9974,0,0,0,0,0,0.0,63.41
ללא שיפוט - אזור תעש,מרכז,9960,0,0,0,0,0,0.0,99.75
ללא שיפוט - אזור מעבר אייל,מרכז,9959,0,0,0,0,0,0.0,99.75
בית נקופה,ירושלים,672,0,0,0,0,0,0.0,35.33
שדי אברהם,דרום,1223,0,0,0,0,0,0.0,63.41
פרי גן,דרום,1231,0,0,0,0,0,0.0,63.41
לוטן,דרום,1255,0,0,0,0,0,0.0,63.41
עמינדב,ירושלים,779,0,0,0,0,0,0.0,35.33
רמת צבי,צפון,339,1,0,0,1,1,0.0,100.0
עראמשה,צפון,1246,0,0,0,0,0,0.0,100.0
כפר מרדכי,מרכז,764,1,0,0,1,1,0.0,99.75
רביבים,דרום,354,1,0,0,1,1,0.0,63.41
דקל,דרום,1241,1,0,0,1,1,0.0,63.41
עין תמר,דרום,1251,0,0,0,0,0,0.0,63.41
חלוץ,צפון,1272,0,0,0,0,0,0.0,100.0
אשבל,צפון,1276,0,0,0,0,0,0.0,100.0
כמהין,דרום,1291,1,0,0,1,1,0.0,63.41
סמר,דרום,1156,0,0,0,0,0,0.0,63.41
שכניה,צפון,1160,0,0,0,0,0,0.0,100.0
חוגלה,מרכז,205,1,0,0,1,1,0.0,99.75
שטח כללי,דרום,5569,0,0,0,0,0,0.0,63.41
פלך,צפון,1185,0,0,0,0,0,0.0,100.0
מעוז חיים,צפון,272,1,0,0,1,1,0.0,100.0
חולתה,צפון,253,0,0,0,0,0,0.0,100.0
שטח כללי,דרום,5568,0,0,0,0,0,0.0,63.41
טללים,דרום,1177,0,0,0,0,0,0.0,63.41
חולית,דרום,1239,0,0,0,0,0,0.0,63.41
תלמי יוסף,דרום,1237,0,0,0,0,0,0.0,63.41
כפר רופין,צפון,295,1,0,0,1,1,0.0,100.0
שיזפון,דרום,1197,0,0,0,0,0,0.0,63.41
שטח כללי,מרכז,5532,1,0,0,1,1,0.0,99.75
מכמנים,צפון,1202,1,0,0,1,1,0.0,100.0
עדי,צפון,1199,0,0,0,0,0,0.0,100.0
סופה,דרום,1238,0,0,0,0,0,0.0,63.41
חרשים,צפון,1209,0,0,0,0,0,0.0,100.0
רתמים,דרום,1260,1,0,0,1,1,0.0,63.41
הר עמשא,דרום,1261,0,0,0,0,0,0.0,63.41
רנן,דרום,789,1,0,0,1,1,0.0,63.41
גבעת אלה,צפון,1288,1,0,0,1,1,0.0,100.0
צוקי ים,מרכז,1102,1,0,0,1,1,0.0,99.75
תושיה,דרום,1083,0,0,0,0,0,0.0,63.41
גאולי תימן,מרכז,872,0,0,0,0,0,0.0,99.75
יטבתה,דרום,866,1,0,0,1,1,0.0,63.41
מלאה,צפון,164,0,0,0,0,0,0.0,100.0
גיבתון,מרכז,196,0,0,0,0,0,0.0,99.75
צוחר,דרום,1136,0,0,0,0,0,0.0,63.41
יד השמונה,ירושלים,1134,1,0,0,1,1,0.0,35.33
גרופית,דרום,1129,0,0,0,0,0,0.0,63.41
דובב,צפון,1067,0,0,0,0,0,0.0,100.0
ללא שיפוט - אזור מצפון למעלות,צפון,9902,0,0,0,0,0,0.0,100.0
מאיר שפיה,חיפה,102,1,0,0,1,1,0.0,58.44
ברק,צפון,141,1,0,0,1,1,0.0,100.0
כפר הנוער הדתי,חיפה,890,0,0,0,0,0,0.0,58.44
כפר הריף,דרום,888,0,0,0,0,0,0.0,63.41
צפרירים,ירושלים,1079,1,0,0,1,1,0.0,35.33
ללא שיפוט - אזור משמר הירדן,צפון,9906,0,0,0,0,0,0.0,100.0
ללא שיפוט - אזור הר סאסא,צפון,9905,0,0,0,0,0,0.0,100.0
ללא שיפוט - אזור נחל יצהר,צפון,9912,0,0,0,0,0,0.0,100.0
ללא שיפוט - אזור צומת ג'וליס,צפון,9913,0,0,0,0,0,0.0,100.0
ללא שיפוט - אזור ממערב לג'דיידה-מכר,צפון,9916,0,0,0,0,0,0.0,100.0
ללא שיפוט - אזור מדרום לג'וליס,צפון,9915,0,0,0,0,0,0.0,100.0
ללא שיפוט - אזור מצפון לירכא,צפון,9909,0,0,0,0,0,0.0,100.0
ללא שיפוט - אזור חלוץ,צפון,9910,0,0,0,0,0,0.0,100.0
ללא שיפוט - אזור מערבית לכפר יאסיף,צפון,9911,0,0,0,0,0,0.0,100.0
ללא שיפוט - אזור בין חוסן לכפר ורדים,צפון,9907,1,0,0,1,1,0.0,100.0
ללא שיפוט - אזור הארבל,צפון,9926,0,0,0,0,0,0.0,100.0
ללא שיפוט - אזור נחל ארבל,צפון,9925,0,0,0,0,0,0.0,100.0
ללא שיפוט - אזור הכנרת,צפון,9920,0,0,0,0,0,0.0,100.0
ללא שיפוט - אזור מערב כרמיאל,צפון,9919,0,0,0,0,0,0.0,100.0
אוהד,דרום,1046,0,0,0,0,0,0.0,63.41
(סוואד (תמירה,צפון,942,0,0,0,0,0,0.0,100.0
מנשית זבדה,צפון,994,0,0,0,0,0,0.0,100.0
גיזו,ירושלים,1043,0,0,0,0,0,0.0,35.33
ללא שיפוט - אזור מצפון לשיבלי אום אל רנם,צפון,9929,0,0,0,0,0,0.0,100.0
ללא שיפוט - אזור רומת הייב,צפון,9927,0,0,0,0,0,0.0,100.0
תלמי אליהו,דרום,1051,0,0,0,0,0,0.0,63.41
ללא שיפוט - אזור כפר תבור,צפון,9931,0,0,0,0,0,0.0,100.0
ללא שיפוט - אזור מצפה אילות,צפון,9933,0,0,0,0,0,0.0,100.0
ללא שיפוט - אזור בין דבוריה לאכסאל,צפון,9932,0,0,0,0,0,0.0,100.0
נחושה,ירושלים,59,1,0,0,1,1,0.0,35.33
ללא שיפוט - אזור גבעת המורה,צפון,9934,0,0,0,0,0,0.0,100.0
