total_cases,automated_cases,manual_review_cases,automation_rate,manual_review_rate,threshold,tn,fp,fn,tp,baseline_manual_cost,ai_assisted_labor_cost,annual_labor_savings,annual_fp_cost,annual_fn_cost,annual_tp_operational_cost,total_error_cost,annual_maintenance_cost,recurring_operating_cost,annual_net_benefit,implementation_cost,year1_roi_pct,recurring_operating_roi_pct,payback_months,manual_hours_before,manual_hours_after,review_hours_saved
12000.0,3624.765478424015,8375.234521575985,0.3020637898686679,0.6979362101313321,0.05,3527.204502814259,4712.945590994372,97.5609756097561,3662.288930581614,180000.0,75377.11069418387,104622.88930581613,23564.72795497186,14634.146341463415,18311.44465290807,56510.318949343346,18000.0,149887.4296435272,30112.570356472803,60000.0,-49.812382739212,20.090123920390543,23.91028037383177,4000.0,1675.046904315197,2324.953095684803
12000.0,4195.121951219512,7804.878048780487,0.34959349593495936,0.6504065040650406,0.1,4075.046904315197,4165.103189493433,120.0750469043152,3639.7748592870544,180000.0,70243.90243902439,109756.09756097561,20825.515947467167,18011.25703564728,18198.87429643527,57035.64727954972,18000.0,145279.5497185741,34720.4502814259,60000.0,-42.132582864290164,23.8990624273575,20.737058251377924,4000.0,1560.9756097560974,2439.0243902439024
12000.0,4660.412757973734,7339.587242026267,0.38836772983114454,0.6116322701688556,0.15,4525.328330206379,3714.8217636022514,135.0844277673546,3624.7654784240153,180000.0,66056.2851782364,113943.7148217636,18574.108818011257,20262.664165103193,18123.827392120078,56960.60037523453,18000.0,141016.88555347093,38983.11444652907,60000.0,-35.02814258911822,27.644288337191657,18.46953508518626,4000.0,1467.9174484052533,2532.0825515947467
12000.000000000002,5951.219512195123,6048.780487804878,0.4959349593495935,0.5040650406504065,0.2,5613.508442776736,2626.641651031895,337.7110694183865,3422.1388367729833,180000.0,54439.0243902439,125560.9756097561,13133.208255159476,50656.66041275798,17110.694183864915,80900.56285178236,18000.0,153339.58724202626,26660.41275797374,60000.0,-55.565978736710434,17.38651657897957,27.006333567909916,4000.0,1209.7560975609756,2790.243902439024
12000.0,6941.838649155723,5058.161350844278,0.5784865540963102,0.42151344590368983,0.25,6386.491557223265,1853.658536585366,555.3470919324578,3204.5028142589117,180000.0,45523.4521575985,134476.5478424015,9268.292682926829,83302.06378986867,16022.514071294558,108592.87054409005,18000.0,172116.32270168856,7883.677298311435,60000.0,-86.86053783614761,4.580435588305821,91.32793907663029,4000.0,1011.6322701688555,2988.3677298311445
12000.000000000002,7294.559099437149,4705.440900562851,0.6078799249530956,0.3921200750469042,0.3,6679.174484052533,1560.9756097560976,615.3846153846154,3144.465290806754,180000.0,42348.968105065665,137651.03189493433,7804.878048780488,92307.6923076923,15722.326454033771,115834.89681050656,18000.0,176183.86491557222,3816.1350844277767,60000.0,-93.63977485928704,2.165995783017065,188.67256637168097,4000.0,941.0881801125703,3058.91181988743
12000.000000000002,7354.596622889307,4645.403377110694,0.6128830519074421,0.3871169480925578,0.35,6716.697936210132,1523.452157598499,637.8986866791745,3121.951219512195,180000.0,41808.630393996245,138191.36960600375,7617.260787992495,95684.80300187618,15609.756097560976,118911.81988742965,18000.0,178720.4502814259,1279.549718574097,60000.0,-97.86741713570983,0.7159503663734212,562.6979472140815,4000.0,929.0806754221388,3070.919324577861
12000.0,7392.120075046904,4607.879924953096,0.6160100062539087,0.38398999374609133,0.4,6731.707317073171,1508.4427767354598,660.4127579737336,3099.437148217636,180000.0,41470.91932457786,138529.08067542216,7542.213883677299,99061.91369606004,15497.18574108818,122101.31332082552,18000.0,181572.23264540336,-1572.232645403361,60000.0,-102.62038774233892,-0.8658992746285226,,4000.0,921.5759849906191,3078.424015009381
12000.000000000004,7474.671669793622,4525.328330206379,0.622889305816135,0.37711069418386484,0.45,6754.2213883677305,1485.9287054409006,720.4502814258913,3039.3996247654786,180000.0,40727.95497185741,139272.04502814257,7429.643527204503,108067.54221388369,15196.998123827394,130694.18386491558,18000.0,189422.138836773,-9422.138836772996,60000.0,-115.703564727955,-4.974148689605997,,4000.0,905.0656660412758,3094.934333958724
12000.0,7744.840525328331,4255.15947467167,0.6454033771106943,0.3545966228893058,0.5,6874.2964352720455,1365.8536585365855,870.5440900562852,2889.3058161350846,180000.0,38296.43527204503,141703.56472795497,6829.2682926829275,130581.61350844278,14446.529080675424,151857.41088180113,18000.0,208153.84615384616,-28153.846153846156,60000.0,-146.92307692307693,-13.52549889135255,,4000.0,851.0318949343341,3148.968105065666
12000.0,8337.711069418387,3662.2889305816134,0.6948092557848655,0.3051907442151344,0.55,7151.969981238274,1088.1801125703564,1185.7410881801127,2574.108818011257,180000.0,32960.60037523452,147039.39962476547,5440.9005628517825,177861.1632270169,12870.544090056284,196172.60787992497,18000.0,247133.2082551595,-67133.2082551595,60000.0,-211.88868042526582,-27.164786444177896,,4000.0,732.4577861163227,3267.5422138836775
12000.0,8990.6191369606,3009.3808630393996,0.7492182614133833,0.2507817385866166,0.6,7474.671669793621,765.4784240150094,1515.9474671669793,2243.9024390243903,180000.0,27084.427767354595,152915.5722326454,3827.392120075047,227392.1200750469,11219.512195121952,242439.0243902439,18000.0,287523.4521575985,-107523.45215759851,60000.0,-279.2057535959975,-37.39641109298532,,4000.0,601.8761726078799,3398.12382739212
12000.000000000002,9891.181988742965,2108.818011257036,0.8242651657285802,0.17573483427141962,0.65,7894.934333958725,345.2157598499062,1996.2476547842402,1763.6022514071294,180000.0,18979.362101313323,161020.6378986867,1726.078799249531,299437.14821763604,8818.011257035647,309981.23827392125,18000.0,346960.60037523456,-166960.60037523456,60000.0,-378.2676672920576,-48.12091061482724,,4000.0,421.7636022514072,3578.236397748593
11999.999999999998,10318.949343339587,1681.0506566604129,0.8599124452782991,0.1400875547217011,0.7,8030.018761726079,210.1313320825516,2288.9305816135084,1470.9193245778613,180000.0,15129.455909943717,164870.54409005627,1050.6566604127581,343339.58724202623,7354.596622889307,351744.84052532824,18000.0,384874.296435272,-204874.29643527197,60000.0,-441.45716072545326,-53.23148319667735,,4000.0,336.2101313320826,3663.7898686679173
12000.0,10401.500938086305,1598.499061913696,0.8667917448405253,0.13320825515947468,0.75,8045.028142589118,195.1219512195122,2356.472795497186,1403.377110694184,180000.0,14386.491557223264,165613.50844277674,975.609756097561,353470.9193245779,7016.88555347092,361463.4146341464,18000.0,393849.90619136964,-213849.90619136964,60000.0,-456.4165103189494,-54.297310429588144,,4000.0,319.6998123827392,3680.3001876172607
12000.0,10416.510318949344,1583.4896810506566,0.868042526579112,0.13195747342088804,0.8,8045.028142589118,195.1219512195122,2371.4821763602254,1388.3677298311445,180000.0,14251.40712945591,165748.5928705441,975.609756097561,355722.3264540338,6941.838649155723,363639.7748592871,18000.0,395891.181988743,-215891.18198874302,60000.0,-459.818636647905,-54.53296052319796,,4000.0,316.69793621013133,3683.3020637898685
12000.0,10544.090056285178,1455.9099437148218,0.8786741713570982,0.12132582864290181,0.85,8075.046904315197,165.1031894934334,2469.0431519699814,1290.8067542213885,180000.0,13103.189493433398,166896.8105065666,825.515947467167,370356.4727954972,6454.033771106942,377636.0225140713,18000.0,408739.2120075047,-228739.2120075047,60000.0,-481.23202001250786,-55.96214047682435,,4000.0,291.1819887429644,3708.818011257036
12000.0,11482.176360225141,517.8236397748593,0.9568480300187617,0.043151969981238276,0.9,8202.626641651032,37.5234521575985,3279.5497185741087,480.3001876172608,180000.0,4660.412757973734,175339.58724202626,187.6172607879925,491932.4577861163,2401.500938086304,494521.5759849906,18000.0,517181.9887429643,-337181.9887429643,60000.0,-661.9699812382738,-65.19600374376945,,4000.0,103.56472795497187,3896.4352720450283
